A,B,C,D,E,F,G,H,I,J,Y
24.14275444,14.58607838,70.25120856,10.6494001,19.00867462,46.1085023,39.95991919,79.60049938,54.8513596,29.75155336,0
25.54564992,14.26549528,69.94813116,9.253217835,18.9558783,45.8545243,39.82054426,80.34528351,54.9742981,30.26745771,0
24.91429949,14.40259653,69.74864753,9.588581864,19.0462664,46.35792486,40.23215615,80.49636358,54.62078031,30.23409814,0
25.90653774,15.46781109,70.43302465,9.185293428,18.97459375,46.04666718,40.39671157,79.7665084,54.82889198,29.70882365,0
25.17377104,14.4203498,69.4615625,10.78158973,19.02461776,46.41960369,39.79161675,80.47693444,55.01128841,30.07697033,0
25.41142018,15.00669754,70.32069603,9.611679637,18.95273231,46.12695798,39.98292051,80.35976567,55.18782626,29.95176152,0
25.30225374,15.47708261,70.05780728,10.40535725,18.99677475,45.68402034,39.69786857,79.74568113,54.71658202,29.99642495,0
24.4946925,14.40010006,69.23743174,9.884007893,18.95232083,46.37164178,40.00280803,80.13307846,54.6891376,29.70822161,0
25.85606348,14.66425855,70.59271103,10.10802489,19.0199369,46.06190425,40.02107036,80.00109748,55.49199128,29.72233564,0
24.48326263,14.58044931,70.66263506,9.133020557,18.95056366,45.71215447,40.12580221,79.82563213,54.63692468,30.08349871,0
24.35051278,14.57155134,69.78700157,9.174165486,19.01456406,45.72257046,39.55791832,80.07057928,55.36504543,30.10505777,0
25.74878701,14.64685654,70.20332421,10.69404157,18.99767528,45.98932849,39.54461538,80.3981692,54.75873104,30.0525956,0
24.63419072,15.52554065,70.46947938,10.95739762,19.0475566,46.45752439,39.82682317,79.80620593,54.52482256,30.1901985,0
25.0803325,15.01448476,69.45261634,10.85345687,18.9543113,45.67932579,40.47473052,79.93832572,55.32475305,30.16706081,0
24.76169246,15.24960664,69.4733617,10.91779813,18.96265548,46.02184931,40.0911147,79.86500577,54.75819349,30.23910783,0
25.75883186,15.70537963,70.14581822,10.60279125,18.9550821,45.76990531,40.16711122,79.77863318,54.72623468,29.767311,0
25.35726473,15.28891,70.32021793,9.69835367,18.99010541,46.09828309,40.33021132,79.95320549,55.46601607,29.96745716,0
25.70333065,15.61489522,70.42084692,10.94021097,19.03688406,45.91920603,40.19050629,80.42945931,55.41045154,29.88201029,0
25.1558553,14.36313407,69.87855433,10.95874951,18.99533403,46.155943,40.1175365,79.96502526,55.32789831,30.09535068,0
25.72532212,14.46003653,69.95204437,9.931737843,19.02464816,45.68718978,40.3597631,79.79702467,55.29726564,29.94298379,0
25.49488221,14.89349709,69.30425665,10.79296603,18.97526512,46.30409096,40.30462446,79.71983028,55.08356594,30.29016529,0
24.47722903,15.50478474,69.84648985,9.89270889,18.97821216,45.90193604,39.64982664,80.13192472,54.7611179,29.95540754,0
25.77922469,15.16416475,70.40158591,9.832739779,18.98289041,45.92325224,40.27640669,80.09879104,54.57909452,29.8358885,0
24.73925602,15.41731846,70.58467923,9.49884262,18.99817039,45.74273788,39.80120129,79.58385674,55.19539644,29.89340226,0
24.78194191,15.37231107,69.69757138,9.60960892,19.04953058,45.94002216,40.36556579,80.43896537,54.72279116,30.18555626,0
24.57518702,15.51577607,70.80777436,10.35339914,18.96964678,46.14816719,40.17654843,79.58578592,55.00901312,30.03781117,0
25.1529623,14.95862327,69.39137728,9.936878879,18.96206209,46.20976571,40.24038938,80.01705505,55.48065631,30.04601047,0
25.00239389,15.10400115,70.52822901,10.986027,18.99967104,46.35849957,39.57652993,79.8018712,55.27288593,30.33612117,0
25.04481862,14.35926339,69.70436644,9.732445916,18.9821322,45.98586811,40.23547557,80.00955915,54.65631285,29.76074339,0
25.44567134,14.88387622,70.82219781,10.30791114,18.94833409,46.49860583,40.04262972,80.37291424,54.68110798,30.26254353,0
25.12089999,14.6547889,70.42163734,10.30686203,18.99149227,46.47070195,39.54745403,79.89736751,55.04325113,30.24124845,0
24.74023759,14.74899892,70.357327,10.47569934,19.00819845,46.28123989,39.10799153,80.41522219,55.0670847,29.93770122,0
24.94555307,14.97769577,70.30277991,9.864440862,18.93330801,46.00402846,39.13805845,80.14351044,55.02863669,29.88502269,0
26.29503777,14.23278977,70.52512138,9.674766677,18.96813457,45.99446726,39.81019341,80.8748202,55.18493242,30.07589418,0
25.4834361,15.07087773,69.56598279,10.6622534,18.96483739,46.35792078,39.07486158,80.3727408,54.70214482,30.32984014,0
26.26496147,14.68066569,70.03782627,9.703911418,19.00107992,46.05390266,38.99330865,80.63218963,54.95333845,30.41314075,0
25.33255309,14.26810193,69.72047597,10.46106382,18.85327473,47.18751847,38.60895629,80.80389595,54.80490136,30.67568542,1
25.10493587,15.22348444,70.60793248,9.582930227,18.95901939,46.0464814,40.40066085,80.28980135,55.13852387,29.70761143,0
24.7149394,14.71967396,69.82209824,10.38965726,18.97065703,45.78782829,40.14659509,80.19154814,54.79700585,30.25621534,0
25.45541222,15.50324599,69.08832503,10.21533463,18.96763949,46.31648924,40.37881533,79.6536928,54.74995106,30.02578909,0
24.20341918,15.04980318,70.54243278,9.607732502,18.95216485,45.5437047,40.23016556,80.27287839,54.94755444,29.94634443,0
25.57995653,15.56436569,70.75975119,10.11423071,18.99282332,46.33874069,40.19259791,79.78504493,55.3133536,29.73223201,0
25.14020574,14.59080984,70.31455902,9.346179032,18.99962181,45.98967359,40.16608828,80.13452635,55.4193261,30.13234476,0
25.21222718,14.54942127,69.34639106,10.91767751,18.98705768,45.65325791,40.1901686,79.7097281,55.1537062,30.24673269,0
25.73030678,14.71073289,69.67752792,10.26644432,19.00312809,45.66359076,39.53128038,80.01138782,54.75810159,29.89735594,0
25.36561619,14.7623654,69.61695253,9.970012209,19.03926001,45.68190523,39.7637598,80.42969213,55.23908634,30.14721618,0
25.43394812,14.92008228,69.41602501,10.52311514,18.96975371,45.64278927,39.68965567,80.44542183,55.23525134,29.85318716,0
25.98736348,14.68360543,69.27364706,10.03488289,18.97147159,45.75839614,40.46185744,79.98871164,54.6067566,30.05786357,0
25.60787376,14.33957813,69.73107681,10.16785728,19.01774286,45.6484182,39.63106007,80.18887722,54.51993377,29.71628306,0
25.17047474,15.00682393,70.72251874,9.166255577,18.95132821,46.3731176,39.54133372,79.65909558,54.83964973,30.15477937,0
25.81688766,15.18654119,69.10127437,9.270496913,19.02289804,46.10383933,39.39439408,80.31354949,54.86155123,30.19670264,0
25.36258736,14.40026488,70.00520354,10.8928828,18.96224944,46.01193445,39.57476387,80.0627812,55.42799937,30.29220209,0
26.262362,14.14401552,69.04366093,9.829405965,18.95906999,46.11241412,39.1085172,80.59666162,55.00856613,30.39637007,0
25.32111576,14.42719304,69.11759445,9.944879473,19.01635214,46.24825432,39.69923307,80.41695151,55.41067898,29.97128504,0
24.59025677,15.31712851,70.10348184,10.29126331,18.96931411,45.9245145,40.43631784,80.36717712,54.54720072,29.70068337,0
25.74409923,14.69823871,70.00250667,9.962818707,19.01876027,46.23610524,40.30204325,79.9341175,54.78493607,30.06268224,0
24.47713161,15.43082914,70.72729422,9.465830531,19.01664508,45.80538741,39.89511533,80.33742591,54.98956267,29.85115439,0
25.62139105,14.85388409,69.09283069,10.48750739,18.95482146,45.58673092,40.44229316,80.2934615,54.88864585,29.73287979,0
24.99460855,14.25753525,70.39355795,9.7974386,19.01110411,46.02207735,40.02151525,80.41386976,54.56617648,30.02130411,0
25.82151404,15.28993564,69.17800898,10.76235963,19.00890581,46.29212033,39.8352664,79.99544412,54.88879603,29.93724689,0
25.80267819,15.45692328,70.80208756,10.47879694,19.04488306,45.94015344,40.32847778,80.41107764,54.90651783,30.27961815,0
25.46446491,14.77554072,70.21188234,10.42911703,18.95999592,46.44315943,39.67540005,80.41247024,54.51951384,29.71034007,0
25.4622679,15.21017354,69.60875,10.68607334,19.01642094,46.39288177,39.54354512,80.23427901,54.55255344,30.19419635,0
24.57544154,14.77275345,69.23446909,9.615801614,18.95863139,45.90379987,40.24070573,80.1747849,54.74350897,30.13408323,0
24.26300252,14.98020735,70.85710634,10.29638936,19.04504369,46.36942137,39.86660311,79.75880209,55.05581372,29.72414069,0
25.56885515,14.73017619,69.31077693,9.882122711,18.99211899,45.66586743,39.74280256,79.82793044,54.7507458,30.19076823,0
24.14436172,14.74742497,70.93097334,9.809012701,19.04517346,46.17222837,39.98484855,80.17275818,54.83157214,30.16311526,0
25.59361623,15.1464759,70.83493459,10.75793473,18.99309576,46.13892167,39.92739265,79.73747899,54.91999265,30.08267361,0
24.63418859,15.00386714,69.43667021,9.982511048,18.97055855,45.75451173,39.75342451,80.26193655,54.78234422,29.92583099,0
24.9626973,15.33655994,70.76275308,9.71797392,19.02002235,46.58606829,40.03832024,79.63996875,54.83361358,29.86772312,0
25.59477187,15.18978061,70.74720403,9.35781994,18.97223875,46.29300894,39.74489006,79.90798927,54.74909467,30.25601582,0
25.22114401,15.04918553,70.60084912,10.58861415,18.93398015,45.87868539,40.18985803,80.17942172,55.00992738,30.03448139,0
24.5451834,15.2805925,69.59317287,9.385772238,18.91739197,46.36957058,39.67130619,80.2274234,54.70734465,30.31159086,0
25.88075791,14.95211309,70.86641466,9.777064035,18.93434263,46.85590342,39.51077786,79.88445898,54.5578235,30.21753658,0
26.07168975,14.8150506,69.27537668,11.38888705,18.9573964,46.64519553,39.00752552,80.77901588,55.33727894,30.05376786,0
25.91262391,15.24734629,69.33698868,9.809032526,18.91068013,46.86679593,39.09171998,80.04274699,55.38251992,30.12635416,0
25.99658859,14.15080137,69.13532984,9.660401235,18.99727712,46.24149799,39.48118453,80.37284337,54.7289105,30.24694591,0
25.05213305,14.89562246,69.96875112,11.31783748,18.84127997,47.58677091,38.41645806,80.76568276,55.27259787,30.7626098,1
24.62724479,15.16157658,70.57693214,10.90491867,19.02592734,45.56075854,39.87331896,79.76469729,55.04361986,30.20123548,0
25.25947492,14.90647356,69.42799585,10.5852487,18.96253262,45.61135469,39.96219058,80.10985446,55.18553043,30.01039884,0
25.06340394,15.6495067,69.37957764,10.06604695,19.04782113,45.8519778,39.55972066,80.25616758,54.93065974,29.89684022,0
24.86298691,14.89894019,70.24995669,9.454571301,18.95880945,45.97021087,40.45110961,80.48106929,54.52558875,30.21474537,0
25.19195112,14.33972499,70.97825047,9.038730516,19.04015596,46.41284413,39.57862938,80.4011226,54.50409001,30.02784281,0
24.65866782,14.53066417,70.69234676,10.74078851,18.95961755,46.23128513,40.48777964,79.97949252,54.55687572,30.26664728,0
24.1986861,15.0695519,70.08524359,9.98028125,18.99075466,45.77314547,39.70369101,80.32873496,54.87332132,30.14032323,0
24.08347827,15.18679342,69.92380807,10.82708541,18.98511194,46.34417988,40.39437856,80.49734766,55.32838819,30.28700521,0
25.49518422,14.33093917,70.33104306,10.67599255,19.00673643,45.8088896,40.03136722,79.9208996,55.09407515,29.86824062,0
24.14540243,15.32197001,70.5023223,10.21381148,19.0453393,46.08245995,40.19363108,80.10900349,54.98612297,30.00644431,0
25.27614768,14.52256606,70.41345729,10.30513833,19.02139906,45.86709367,39.69371402,80.13866465,54.87153943,30.11002642,0
24.50192221,14.89589613,69.67240925,9.335353175,18.9504986,45.78556265,39.95008106,80.45246529,54.81610351,29.84938626,0
24.90264257,15.06330343,69.57543735,10.27870018,18.98935231,46.29569844,39.57085172,79.58905181,55.08012857,29.90222009,0
24.18708965,14.41544825,70.37186067,9.953307039,19.00460829,45.89750208,40.33435149,79.75274706,54.66457537,30.11239978,0
24.91544133,15.15895685,69.13133874,10.75636476,18.99967132,46.3041131,39.6586367,79.58633991,54.70734047,29.9367752,0
24.02324884,14.97484219,69.75651588,10.12415969,18.98282877,45.98367036,39.694116,80.09929794,55.01458602,30.23600756,0
24.88889833,15.53784372,70.74912215,10.62723364,18.98770024,45.9318367,39.59137863,79.83155093,54.94794958,29.79319305,0
24.44765141,15.58953762,69.92360103,9.436815647,18.99546286,46.32578115,40.00461241,79.83047147,54.94243381,29.83778611,0
24.79794322,15.66747657,69.68887682,10.1422643,18.97429809,46.46582208,40.04482807,80.03750745,54.61194104,29.80186999,0
25.82945369,14.48459152,69.61503412,9.678757524,18.96633182,46.15510585,39.64988207,79.58728971,55.45800082,30.08328019,0
24.46282129,14.79912891,69.02596165,9.728824777,19.01843509,46.24737017,40.39201308,80.15131009,54.72697733,29.88530388,0
24.8134736,14.58881801,70.43219395,9.544578624,19.04095503,46.44629507,39.50282549,79.58002733,55.22691121,29.83259929,0
24.95971574,14.54327857,70.23305125,9.914969471,19.04860445,45.52176467,39.83556254,80.17834339,54.88689424,30.12018593,0
24.76872283,14.53621103,70.04720907,9.822607571,18.97991825,46.36147105,39.55486865,80.06879722,55.3418542,30.14981133,0
24.7410221,14.79408373,69.13915269,10.71509022,18.98344833,45.93343615,39.71671377,80.21610186,55.40407427,29.70750466,0
25.05857318,15.66679853,69.80104979,10.83595337,18.96021968,45.89918477,40.37475505,80.20447402,55.09385212,30.08528939,0
24.47514298,15.09810589,69.67151559,9.222500009,19.01111485,45.85454056,40.36004885,80.12131928,55.45794021,29.92920122,0
24.58477482,14.87295338,70.81988377,9.127754022,19.00001215,46.04656543,39.58619547,80.36255959,55.38932164,29.95722662,0
24.86799083,15.32546297,69.14945906,10.91562983,19.01719984,46.26272749,40.15508037,80.16698545,55.33723489,29.96870961,0
25.59883173,15.04160194,69.06187018,10.07674831,18.98202363,45.68098438,39.62700374,79.9435132,54.6005254,29.89393268,0
24.07389084,15.60606691,70.70477398,10.58025567,19.01775545,46.28718535,39.91806579,79.65197326,55.38398242,29.90902138,0
24.37733178,15.14902294,69.75494844,9.134889271,19.00399572,45.88084356,39.66400975,79.59914508,54.50800232,29.78634824,0
25.95279048,15.36084688,70.67148557,9.392628913,18.98409683,45.66438176,39.50299334,79.60590154,55.37220518,29.98375282,0
25.01093582,14.32664822,70.54799276,10.47075769,18.95689737,46.03113359,39.77801513,80.44330482,54.94197219,30.11289756,0
25.1884959,15.48652291,70.275415,10.59561551,18.95237416,46.19505939,40.08355392,79.97996231,55.13444947,30.00869718,0
25.73329419,15.67152183,70.84533221,10.22539736,19.01524557,45.91094856,39.67747978,79.69462811,54.61916223,29.98976972,0
24.39505206,14.89812581,70.216186,9.265020624,19.03643089,45.81891219,39.75407099,79.8545622,54.55896385,30.21122317,0
24.49606185,15.0658539,69.66759069,9.783996733,19.01811133,45.56136793,39.79083242,79.59441557,55.11241168,30.22821348,0
24.92925237,15.74315384,69.01011871,10.60399652,19.03851989,45.81449929,40.30639821,80.41699589,54.80587473,30.08226304,0
24.09791851,14.3658018,70.58658404,10.03481716,18.99966791,45.74309239,40.44146583,80.37164599,54.85612597,30.1865678,0
24.93719394,15.47060679,70.0823583,9.344426342,18.98476511,45.63059333,39.76366542,79.54334487,54.51038007,30.06369995,0
24.49515783,14.30743415,70.4632172,9.137118542,19.04296438,45.81883201,39.71207753,80.35935112,55.11868184,30.20386399,0
24.53289902,15.49055145,70.89387811,9.43373012,19.01765789,46.11032826,39.729655,79.59652221,54.73963085,29.8111023,0
24.93116727,15.16953089,69.19807802,10.92736893,19.03113211,46.61385081,39.95953552,80.29900508,55.12901109,30.25221246,0
25.1368069,15.11506972,70.36784937,9.132932366,18.9462829,46.29486255,40.3071378,80.16958186,54.77606219,30.00773779,0
24.39465393,14.64384875,70.78848606,10.67867078,19.00256794,46.03415324,40.04081318,80.38470315,55.29302844,30.3801361,0
26.10163964,14.94477247,70.56110037,10.26839939,18.98993002,46.45757911,39.86098722,80.30832046,54.58681669,30.3382873,0
25.99416209,14.86546494,70.56810466,10.54073881,18.91616365,45.9849356,39.2665458,80.69239542,55.09506942,30.40753671,0
26.19201993,14.23166519,69.00453586,11.06491528,18.97187286,46.65750668,39.62426584,79.87293276,54.8329337,30.23097802,0
25.68380141,15.17208694,70.95619791,11.11017112,18.94149302,46.68819692,39.39582273,80.11764332,55.33373736,30.01089675,0
25.99434295,14.13826549,69.54968979,10.05666817,18.91359677,46.58213162,39.28446092,80.03827276,54.85969979,30.53975733,0
25.69004477,14.36089248,70.58978832,10.94441772,18.94760203,46.06680619,39.58847042,79.98513221,54.81555839,30.07662172,0
25.67286943,14.23049726,70.54034075,11.44897563,18.85364653,47.26287575,38.22506062,80.649018,54.58217324,30.83156704,1
25.06876795,14.25040772,70.85542419,10.67795686,19.04922637,45.59221006,40.48493862,79.74617505,55.16155492,30.12047796,0
25.23995889,14.52229418,70.54598214,9.57473236,19.04113794,46.00388735,39.97893681,79.95347117,55.0439749,30.15243699,0
24.10205382,15.35401675,69.93792392,9.599458991,18.97722293,45.67715952,40.2354116,79.96450993,54.81318836,29.90666427,0
25.5699919,14.34979619,70.33051694,10.23163759,19.04053695,45.52985857,40.17419998,79.91445894,55.44653971,30.27339138,0
25.09543162,14.27816218,69.28723969,10.90899498,19.04451277,46.35981881,40.34898103,80.46270324,55.32019582,29.74131195,0
25.83537207,15.47234696,70.5086548,10.12613133,19.02705406,46.01348166,39.77342142,80.24530479,54.73704269,29.78355118,0
25.0247267,15.53221123,69.64836233,9.741692669,18.95575582,45.70099213,40.11104684,80.1165994,55.36233113,29.86170293,0
24.17545998,15.29009327,69.42899622,10.03569857,18.95031137,46.1229059,39.96048923,80.32753093,54.91903807,29.7970743,0
24.72501502,15.55505564,70.16306409,9.822896668,19.01155595,45.93334815,39.59915677,80.05216163,55.26056649,29.92298837,0
24.00597904,15.20049138,70.86442907,9.588256594,18.97697365,46.05129916,40.18813057,79.67800373,54.91435843,29.97334434,0
25.52048852,14.83627873,70.98120068,10.66800532,19.00914084,46.24643543,39.92183937,80.127435,54.81841553,30.2765692,0
25.61871332,14.49727235,69.72540415,10.90199928,19.00180883,46.08356248,40.22301165,80.37280502,54.94087061,30.21343373,0
25.82824716,15.64859461,70.66466902,9.421597369,18.9802988,45.82440326,39.6006127,79.58285161,54.85869767,29.83277337,0
25.46491137,14.99525157,70.50088086,9.255188046,18.98930222,46.22957161,39.41922651,80.35711716,54.54082803,30.19632474,0
24.97908686,14.45622684,69.46391432,9.226507411,19.0145973,46.31226635,40.10704956,80.42176707,54.89243437,29.76328049,0
26.1510761,14.8903128,69.30087901,11.09476975,18.96352849,45.79673498,39.84812063,80.59670063,55.18277426,30.16099048,0
24.45006533,14.47849034,70.63979585,11.02712015,18.96905492,46.70181239,39.31170521,80.17790078,54.99218212,30.34888299,0
25.337614,14.56719397,69.82730671,10.76582504,18.98709067,46.75336224,39.2521541,79.93800854,54.94576122,30.28111925,0
24.71680044,14.6061987,69.07850958,10.8269259,18.9305357,46.33631218,39.28786093,80.62505101,55.41416538,30.3413685,0
26.05669531,14.17411163,69.67822696,11.46256097,18.92260803,46.47920223,39.22533135,80.89105666,55.00615587,30.4304168,0
25.64853477,15.34814087,69.86495646,11.17939803,18.91715208,46.38983518,39.3319414,80.69212104,55.24199955,30.52321365,0
24.90196021,13.65781909,70.16753013,10.2003908,18.90817347,47.06024347,38.32576555,81.21000998,55.24502682,30.31240354,0
25.88107353,13.85195843,69.01800265,12.01181215,18.89250095,47.27442462,38.00935318,80.7971891,55.44033721,30.71602069,1
25.35217461,15.64052525,69.02033243,10.81053122,19.02911869,45.64444597,40.37013869,79.58812293,55.29202751,29.89539863,0
24.02933181,14.49361652,69.01345234,9.891101271,18.96402965,45.94982764,39.73551067,79.73562685,54.68363919,29.80127859,0
25.10951785,15.57530979,70.82774629,9.735813695,18.96396287,45.5468175,40.25584679,80.46126018,55.2680622,29.72304156,0
25.6586903,15.11856476,69.48306951,10.66312042,18.96283203,45.79125744,39.59358692,79.62604233,54.75870016,29.84820637,0
24.12357794,15.39773372,70.20700717,9.312445313,18.95807329,46.26722104,40.24786296,80.2890235,54.61570609,29.84408884,0
24.92094013,15.45291442,70.10649026,9.282656122,18.95610681,45.67821146,40.25491684,79.58100438,54.727414,29.86613136,0
24.66068235,14.25691405,69.32649215,10.69478351,19.0022855,46.0773901,40.33445213,79.82952974,55.41312709,29.76214234,0
25.71584133,14.98251709,69.57871634,9.383921863,19.01200204,45.84902544,39.60738495,79.55603688,55.49304093,29.9096721,0
25.00672228,14.34226824,69.29893747,10.85663742,18.98309459,45.6277779,40.46093002,79.77196207,54.83799677,30.2726502,0
25.95236444,14.68277112,70.14811337,9.647387725,18.99602898,46.35313674,40.252853,79.93433687,54.81354993,29.91252555,0
25.62374855,14.36245873,70.08865321,10.60970307,18.97615332,46.12763973,40.107695,79.96745698,54.94964697,29.91968117,0
24.31801772,14.34451874,70.53504899,9.44837647,19.04814656,45.59837849,39.80995943,79.53793795,54.52947977,30.21148063,0
24.7948858,15.44184551,70.67542418,9.656818862,18.97149586,46.33019627,39.93814543,80.00262818,54.87274719,29.70230241,0
25.87480244,14.20375611,69.74512575,10.29460068,19.00328225,45.94047601,40.27639016,80.57394943,54.93929512,29.79789714,0
25.42260353,14.99889687,70.28138866,9.985488273,18.96208847,46.22841826,39.9110045,80.37516319,54.61990077,30.03006775,0
25.51989377,14.97960613,70.27909142,10.94413778,18.96550762,45.97865077,39.94245561,80.08433608,55.11412933,30.05919479,0
25.58160325,14.22204375,70.75616953,9.483566906,18.923523,46.69650817,39.56217503,80.2840338,55.17040087,30.13639317,0
25.27315524,14.4824619,70.8200388,10.77702929,18.97302582,46.25008488,40.28204175,79.78393214,55.44935205,30.24287194,0
25.38585158,15.61939942,70.63475434,10.36009534,18.98952668,45.60437809,40.02174328,80.32351796,55.47351346,29.78611668,0
25.00937756,15.05484431,69.79973146,9.609846692,18.96223713,46.2739513,40.42048516,80.25708636,54.52160721,29.74452538,0
24.68993622,14.35562555,69.07588999,10.49164152,18.97220721,46.41239519,39.75036681,80.2405268,54.58627226,30.1484878,0
24.76755322,14.37053144,70.8414676,9.832928067,19.01332718,46.48817338,40.49008869,79.87958355,55.33510513,29.81369035,0
25.0092881,15.31158191,70.82376717,9.705471298,18.95080446,45.88087066,39.55996004,79.82993271,54.5153461,29.83989731,0
25.86046144,15.0868011,69.87531416,9.244037897,19.04662205,46.31086676,39.80430845,79.65300025,55.09654394,30.1983095,0
25.3099108,14.63340173,70.58975551,10.09786427,18.95578758,45.72011449,39.82953614,79.85285802,55.46769807,29.76460197,0
24.50855074,15.67064284,70.72727166,10.93682781,18.99954426,45.5091004,39.67487093,80.21853069,55.1673172,30.07705978,0
25.47203378,14.43012539,70.8908904,9.720731944,19.02459283,45.80586349,40.02311771,79.61221337,55.29890049,30.06746651,0
25.60371228,15.28799875,70.22617767,9.692292233,19.01053411,46.23502223,40.22050407,80.18934985,55.03020251,29.82433095,0
25.86160757,15.57891046,69.67871118,10.92877871,18.97084612,46.02588413,40.17009575,79.57021913,54.71315925,29.76817615,0
25.34082406,15.55590933,70.585969,10.21655657,19.01379127,45.57320451,39.68412644,79.67453454,55.01253369,29.88324702,0
24.96793822,14.55459803,69.97441171,10.0289677,19.01888746,46.38767961,40.22663091,79.6887407,54.60231723,30.25011342,0
25.91988449,15.51539639,69.02213093,9.755265449,19.00581337,46.33723291,39.89579146,79.64629052,54.69359629,30.03729318,0
24.21610315,14.40978772,70.90429911,9.466158609,18.99848446,46.42665734,39.72068597,80.41820339,55.01564783,29.77128041,0
24.55546336,14.7684619,70.66143725,10.63095511,19.00208009,46.15015512,39.75179248,79.67284699,55.22172163,30.34976383,0
25.22368886,14.80687488,69.76273324,9.402728983,19.01154637,45.98928635,40.06968307,80.42577601,55.23092908,30.30122355,0
25.22195691,15.58489609,69.31003884,9.901527792,18.94697238,46.63160915,39.69872481,80.24809883,55.43113874,30.23999197,0
26.15846512,14.25505648,70.05908942,11.24402964,18.95970838,46.10736992,39.19994872,80.48976374,55.4289513,30.01075021,0
24.56870296,14.76442929,70.74769787,9.563431311,18.91769767,46.72053305,39.30277134,80.7480684,55.3282274,30.37864576,0
25.49101304,14.53872058,69.23019853,11.27308915,18.92124635,46.81570235,39.01252159,80.53736217,54.60187361,30.43693689,0
24.96931866,14.04869741,69.27988247,10.88274879,18.97308631,46.31179996,39.44289981,80.16277994,55.46970521,30.3058807,0
25.8364979,14.063295,69.57058058,10.01108096,18.95525032,46.93850779,39.04128193,80.34076873,55.11310027,30.50092678,0
25.37206931,13.65125865,69.04526194,10.87975698,18.90403537,47.20946823,38.85268576,81.03357199,55.08135722,30.86109756,1
24.47268214,14.70463568,69.10964154,9.004560234,19.04482397,45.83229043,40.06493977,80.27135916,55.46539894,29.78772773,0
25.41297822,14.66865745,70.12963994,9.163456383,19.01415375,46.01012479,39.65081409,80.23565878,54.76153206,29.90940824,0
25.40018999,15.54010429,70.24648751,9.803474197,18.97147514,46.28941782,40.27220042,80.41061137,54.9711554,29.88752619,0
24.92923468,15.50419352,70.27691916,9.648491474,18.97697747,46.06708265,39.76780357,79.86407448,55.47311567,30.01520354,0
25.7959601,15.27790161,69.08799128,10.59950405,18.98064823,46.10416396,39.61381483,80.49906901,54.82481742,29.86588811,0
24.37432519,15.57728471,69.31707595,10.69100577,19.0202083,46.33930388,39.76392443,79.7688828,54.91515456,29.76687692,0
25.89929944,15.3518039,70.32084056,10.94025023,19.00223388,45.98185146,40.00176915,79.98831824,54.58738792,30.25347953,0
24.52804619,15.31832166,69.71303909,9.673286016,18.95120002,46.42343635,40.36354761,79.50103402,54.50572593,30.00250449,0
26.01540045,15.42726906,69.08721536,9.472537155,18.96965345,46.48675088,40.17274799,80.05291921,55.41342726,30.28538184,0
24.45429796,14.3517277,70.21965702,9.805092786,18.96818388,46.39865608,39.23539471,79.83970444,55.47319979,30.03783693,0
25.90273064,15.67875377,69.94519948,9.727030215,18.99729353,45.94609202,39.71529731,79.99829362,55.21049878,30.15810146,0
25.66786813,15.03950268,69.77651226,9.026019214,19.01080911,45.85987661,40.06507277,79.6309791,54.77166859,29.78053156,0
25.44999646,15.10650977,70.14697405,9.267377969,19.01651535,45.73020363,40.08553579,79.61643565,54.60272539,30.23301218,0
25.97302783,15.38870362,69.84555016,9.132211641,18.98054466,45.56375571,39.82655446,80.12428544,54.56699402,29.81966107,0
25.3251664,14.59712197,70.77832419,10.21638755,19.01915691,45.58474524,40.45429799,80.49516555,55.32475416,30.2252115,0
24.203543,15.08702081,69.74694871,10.00324671,18.99122686,46.4129438,39.55034055,79.65054256,55.15869011,30.23416579,0
25.20491244,14.65221036,69.53633077,10.43058488,18.96825157,45.70125105,39.55621826,79.52535269,54.73590047,29.83062752,0
25.35605553,14.86464466,70.30002498,10.26928614,19.01983935,46.08341702,40.11192135,79.87196971,54.52747105,29.88542008,0
25.19392057,15.03110056,69.80157125,10.20709873,18.9791449,46.43259529,40.23341102,79.59289938,54.89007954,30.25993019,0
24.41256963,14.80048431,69.81549514,9.827606574,19.02184573,46.27206579,39.98721226,80.55150119,55.43264304,29.98338072,0
24.97636884,14.82785865,69.5722703,11.04612777,18.94425972,46.30440348,39.82941716,79.69129268,55.37857136,29.9729783,0
26.02146116,15.00468031,69.84845844,10.45586349,18.98609669,45.91354169,39.52287724,79.99663458,55.30508476,30.04293644,0
26.1477297,14.91240185,69.79519677,10.67004908,19.0057091,45.8772207,39.40334177,80.24931015,54.83014107,30.23375837,0
25.31304623,15.13420861,70.00735307,9.640241948,19.0010395,46.38715973,40.0428622,80.52734472,55.38914723,29.89741484,0
25.77958964,15.5025786,70.13859129,10.94677979,18.91883816,46.36488952,39.34154222,79.85688532,55.00237816,30.02074368,0
26.16165616,14.09350042,69.89344009,9.973365686,18.96479024,46.53998742,38.93130997,80.55996595,55.09223276,30.24650678,0
24.75747812,13.84151345,69.94831369,10.04026048,18.95814223,46.5826244,38.94930716,80.39287097,54.90252943,30.21681668,0
26.25744554,14.46143836,70.56193552,11.46195292,18.89176725,46.8747222,38.65377143,81.49113756,55.06673389,30.73198826,1
25.62620774,14.25363827,70.66490642,9.956796554,19.042903,46.06411929,39.87606471,80.44838817,55.00901247,29.76062398,0
24.9471386,15.285047,70.05657951,9.921485004,19.04637588,45.98856473,40.29919935,80.08088354,55.14778006,30.28998211,0
24.99574246,15.33195721,69.41096983,9.570604515,18.98917877,45.75932327,39.57643306,80.02341273,54.8700908,30.08681482,0
25.87704226,14.32561702,70.88968257,9.836010837,19.02746679,46.129745,40.32133281,79.92363191,55.0835898,30.07338393,0
24.2408872,14.32414122,70.25828421,10.97506757,19.02573191,45.68464827,40.13606565,79.87621888,55.33705012,29.96655926,0
25.77997696,14.81120145,69.5013371,10.34339642,19.00233263,45.93313438,40.31061271,79.57697155,55.1173004,29.84927371,0
24.89198647,15.08984218,70.36572932,9.951784313,19.01923159,45.66596006,39.5941173,80.4626617,54.72221198,30.21320839,0
25.24650135,14.66249772,69.59508492,9.94454427,18.99586928,46.1451287,39.14595726,79.88901369,55.25975298,30.15145627,0
25.07907293,14.16855106,70.64060501,9.53843456,1.89E+01,46.13696981,39.73558327,80.65510018,55.19189645,30.27027899,0
24.25163844,14.63197152,70.33893181,10.03864666,19.04715658,45.720776,40.43064508,80.35243942,55.05636345,29.86791948,0
24.39512173,15.29628748,69.14102957,9.602611479,19.04809745,46.26024191,39.80455575,79.97000397,55.46693652,30.14701275,0
24.99925319,15.20818484,69.67372381,10.46848267,19.04292403,45.76937619,39.61505506,79.72649409,54.73014286,29.97674386,0
25.52133501,14.54188432,69.83378412,9.791726302,19.03984702,45.65943516,40.12611356,79.67006855,54.68460078,29.76777246,0
24.06857328,14.65168249,69.06636565,10.9097651,18.98732441,45.97730785,40.48558316,79.56512601,55.07686216,30.21728554,0
24.62958367,14.59422698,69.60205832,9.139687397,18.98859093,45.68771972,39.78934194,79.59665568,55.41781995,29.77904144,0
25.47048817,15.40787444,70.19377602,9.108436559,19.00777691,45.78329808,39.97556169,79.88570986,55.04195068,29.71402294,0
24.27443078,15.56094101,70.08934516,10.10710417,19.01795523,45.63765281,39.52495016,79.9372285,54.87393729,30.11421333,0
24.57558661,14.38289883,70.0306596,9.171069905,19.022065,45.8646638,39.73547812,80.13107158,55.36475271,30.29029992,0
24.16601268,14.72373084,70.18447728,10.15677326,18.95417294,45.7100292,39.76172727,80.08086133,54.6892158,30.08347206,0
25.87746245,15.51393172,70.27408995,10.361061,19.04588728,45.66644272,39.70462723,79.53635772,54.83031943,29.9664236,0
24.03392728,14.38610057,69.59954841,9.097543529,18.9905545,46.16374458,40.07275648,79.84153094,55.24797317,30.14894177,0
25.9947283,14.73656902,70.5241329,9.579844232,18.97231925,46.4469625,40.12013061,79.64283997,54.64611202,29.77900149,0
26.03335538,14.39863472,70.42463213,10.62592242,18.9985229,46.29382939,39.97489181,79.65843465,55.43917014,29.85661289,0
26.13867581,14.34727292,69.36617946,9.294564597,18.97727364,46.0625562,39.49431968,80.55950028,54.84715501,29.95439664,0
24.24593485,14.16665024,69.35154549,10.20785593,18.99288989,45.95101584,39.54172859,80.21852291,55.29186596,30.04014619,0
25.59345115,15.2164472,69.50322963,11.03278491,18.94026943,46.42800685,39.32886893,80.59315504,54.69893939,30.13662894,0
26.0801331,14.98731264,70.62091726,10.84463282,18.92765245,46.09529419,39.8451732,80.24297091,54.75041861,30.10956701,0
25.14407905,15.24882601,69.23061873,11.18377881,18.92772261,46.26498409,39.50071097,80.68135883,55.46342808,29.97202861,0
26.4361758,14.36846642,70.04348312,11.36976951,18.93437535,46.65933041,39.23030937,80.95663132,54.87147244,30.42382669,0
25.99190398,14.24287763,69.53672578,10.39353963,18.95324754,46.08250334,39.54227262,80.17156614,55.30998682,30.02856207,0
26.33589248,13.55221167,70.66639326,11.0260243,18.9238946,46.88202746,38.67485063,81.19737912,54.82594686,30.80796146,1
25.37477378,15.27165374,70.72086041,10.26569862,18.95649499,46.27063469,40.4787321,79.56123638,55.00855223,29.96643881,0
24.34150525,15.66282472,70.1960923,9.464576952,19.03631518,46.12386156,39.86040005,80.28564122,55.13117342,29.95968545,0
24.0648924,15.33934978,69.55788932,10.50441706,19.02355174,46.46294461,39.73760392,80.43037726,54.80980135,30.21351178,0
25.46116142,15.2292469,69.19001466,9.555085729,18.95501227,45.74742872,39.89211367,80.13197741,55.00206022,29.84622617,0
24.6108876,14.97337753,70.24624398,9.329420925,18.95727366,46.46235291,39.71545007,80.17982742,55.09437079,30.29236874,0
24.91460627,14.39932436,69.21026897,9.878229386,19.04914505,46.10510201,39.59093212,80.24919895,55.21626424,30.24925505,0
24.75414831,14.61167372,69.87180916,10.33401547,18.96561387,45.96709756,40.25512808,79.64459966,54.98756375,29.78029618,0
25.70098557,15.35884127,69.49890022,9.670354418,18.99265603,46.40765229,39.93337672,79.94731437,54.70159815,30.11447622,0
24.32663554,14.5645557,69.54096074,9.462539435,19.02821905,45.68253179,39.67394737,79.74902493,55.09544878,29.82184979,0
25.17145391,15.03623425,70.21986154,10.28004374,19.00570867,45.8150941,39.72438552,79.69628945,55.03364446,29.95869779,0
25.94932341,14.49956224,69.25307061,10.81490011,19.02828169,45.68276684,39.67261746,79.88304014,54.87296445,29.78792919,0
24.81119819,14.93768504,70.10103556,10.82115247,18.99375969,46.33021197,40.12589463,80.15649567,55.28661171,30.27392696,0
25.11806618,14.23132209,69.19618318,10.37167819,18.99767038,46.38330946,39.35567088,79.61300993,54.75809847,29.82697981,0
26.04896364,14.85420501,70.39767652,9.374986309,18.98099627,46.64228272,39.61549273,80.8245208,55.39499886,30.33870505,0
26.2963372,15.46865844,70.73871112,10.91294754,18.93663571,46.00591267,39.45557362,80.72425932,55.02448405,30.38680223,0
25.57379569,14.74449898,70.80787057,10.14269263,18.92337551,46.76802082,39.59259475,80.81436209,54.87624013,30.43397911,0
25.17639962,14.7408533,70.97197744,9.717062031,19.02424047,45.6233536,39.6438742,79.91191398,55.42691811,29.74276272,0
25.23978648,15.22808735,69.50689916,9.158801551,18.9787787,45.73874561,39.62014977,79.63368553,54.75671354,30.15340339,0
24.52108683,14.41316071,70.65621132,9.290593651,19.03386333,46.45017144,39.89065955,79.65194101,54.57966869,30.11950723,0
25.7436442,15.36901107,69.50039651,10.05439573,18.96304239,46.24633988,39.57973047,80.42683051,55.1242304,29.80322447,0
24.8874924,15.65272828,70.12761413,10.33852463,19.02905319,45.9519667,40.18656156,80.01538616,55.30845412,30.10570044,0
24.6139445,15.17621017,70.04026744,10.92258558,19.03118241,46.43341665,39.69341891,80.05359701,54.93069928,30.11990623,0
25.78763821,14.83866664,69.92984467,9.84640831,19.03327293,45.50942489,39.66750966,80.20840199,54.6858068,29.97273127,0
25.10696697,14.8317736,70.43225172,10.76456165,18.98255975,45.96926921,39.64129294,80.1042578,54.86832631,30.11448549,0
25.06529013,14.96819333,70.39142464,10.50395645,19.02091775,45.90854345,39.6672072,80.31302044,55.47012565,30.04382828,0
25.73775198,15.52486673,70.80162901,9.497342002,19.0184171,46.12290834,39.76672382,79.94862333,55.21758636,29.7827537,0
24.78219868,15.26890758,69.61259391,10.23370032,19.01368399,46.15814601,39.74487041,79.89130553,54.85754048,29.75803042,0
25.05957509,14.41988846,70.93857202,10.93206252,19.02328472,46.39243914,40.22911107,80.40383632,55.36881429,29.82167589,0
24.21202518,14.74805688,70.63065135,10.71742,18.99839245,46.39185922,39.61295834,80.41627856,55.23069822,29.75256833,0
25.32268659,15.05465502,69.02077488,9.333410094,18.95472558,46.45167502,39.91180193,80.351183,55.41108379,30.02459495,0
25.61079849,15.22927747,69.07179529,10.73387992,19.04468042,45.94604361,40.21398663,80.06166097,55.23998382,29.89177679,0
24.01029582,14.51037795,70.83040321,10.1006737,18.98694504,46.40068216,39.54246202,80.31727355,54.923606,30.061426,0
25.69258988,14.42433586,69.5754217,10.14107045,18.98323104,45.92359615,40.22173489,80.47453595,54.80595692,29.83709569,0
25.06708605,14.65043203,70.17912844,9.259704893,18.9873833,46.18574087,40.4309539,79.9306144,54.58287824,30.14985972,0
25.81561357,15.30912028,70.08145068,10.73509563,18.98327429,45.99926021,39.77154374,80.01618139,54.55711615,29.80033091,0
24.06749675,15.48346853,69.78803017,9.483641646,19.04262045,45.96295816,39.71950193,79.83559503,54.83999602,30.09517433,0
25.5804341,15.43470732,70.9962133,10.83897637,18.98282194,45.65418889,39.75883564,79.91092329,55.19793055,30.26259557,0
25.58672601,15.54070115,69.50383642,11.04608746,18.99694787,46.32556638,39.45016623,79.90046941,54.66217646,29.79916924,0
25.6702222,14.23971512,70.24809244,10.08339336,18.94383605,45.93672326,39.63110943,79.89625791,54.74184345,29.88716497,0
25.09915309,14.89344172,70.85587095,9.823540664,18.95408113,46.22781777,39.79517613,80.46027565,54.67359186,30.31924968,0
24.53311812,14.53060263,69.05379019,9.997800515,18.96727921,46.20664734,39.66397328,80.31352977,55.41821324,30.29669559,0
25.95755071,14.09204642,69.52144644,10.78709618,18.99938482,46.44325678,39.57200026,80.54488418,54.77773562,30.38552054,0
26.03643283,14.54401022,70.25667369,10.56925997,18.9420686,46.13127976,39.34232213,79.88429926,55.25673009,30.05782476,0
24.96016395,15.29703364,70.09783829,11.24932981,18.98103076,46.17064703,38.92813315,80.10269743,55.40392856,30.21666086,0
26.05211034,14.49250008,70.20076285,10.78080437,18.9716415,46.37818071,39.16565541,80.86233127,55.30241814,30.52954564,0
24.65233171,15.28171404,70.13241738,10.88166495,18.98778617,47.06337481,38.76577553,80.24790223,54.54582325,30.09382291,0
26.70382113,13.84886642,69.80191979,11.09308477,18.84602435,47.05753236,38.7686024,80.78456408,54.95450601,30.59466126,1
24.34653472,14.75938266,69.65716341,9.879312172,18.96936529,46.26367765,39.60722508,79.54887769,54.7782147,29.78667143,0
25.66264765,14.69042608,70.6185921,9.278528347,18.95032319,45.89893993,40.3221807,80.15283307,55.46911155,30.00052516,0
24.29602417,15.72466393,69.91820713,10.40037711,18.96066808,45.92498557,39.86488839,80.25829239,55.21669176,29.71912697,0
25.59461853,15.46942734,69.38286425,10.97826435,18.98334644,45.67279965,40.33014898,79.59430729,54.82762842,29.95738197,0
25.37631176,14.92240374,69.3456062,10.4568343,18.96208059,46.27113449,40.20263553,80.10952885,55.29905308,30.21590941,0
25.36823387,15.62416598,70.29259518,9.957778502,18.95467439,45.69622415,40.26030823,80.27003424,54.98934961,30.04784816,0
24.04897636,15.40413881,70.47603145,10.63955431,19.00107217,46.20820305,39.68004571,80.22885743,55.17734878,30.26538195,0
24.51116163,14.32884693,69.26137821,10.06768062,19.03410728,45.76541238,40.43380629,79.74790735,54.84198552,30.20097561,0
24.62409569,15.36692189,69.24912001,10.71207675,19.03331669,45.69820908,40.01620335,80.20766959,55.48594328,30.02063134,0
25.46132727,14.90198036,69.54521379,9.565139599,18.94421605,46.60871638,39.47560064,79.90898641,55.13678246,30.19163964,0
25.44279419,14.72801149,70.74594629,9.724565806,18.97243475,45.80942746,39.5474661,80.69542324,54.54979704,30.39021933,0
25.59141342,14.64416896,69.20405773,10.61703754,18.94304601,46.200729,39.50045179,80.53366019,54.69262651,30.0709299,0
25.58482871,15.08653666,69.80014721,9.752486528,18.98108393,46.08577344,38.92756571,80.33309203,54.90778751,30.1106161,0
24.33424919,14.39880285,70.80990092,10.07539336,18.99270374,46.27902039,39.93584287,80.03894844,54.93889974,29.96353233,0
25.25970187,14.6709905,69.354099,10.39903965,18.98904996,45.87531721,40.46148704,80.35167581,55.05557431,30.18659207,0
24.0008941,14.2872984,70.23048374,10.5171875,19.03476941,46.02055141,40.4195929,79.93099664,55.14981723,29.8821111,0
25.71512256,15.28139435,70.79840157,10.23546701,19.00451032,45.61782366,40.09709072,80.0355057,55.24688872,29.82169525,0
25.28764076,15.02507082,70.36474532,10.63114229,18.9684117,45.55539801,39.69263918,80.23169757,55.22488903,30.24625271,0
24.04330095,15.43933911,69.51711581,10.53677611,19.04276025,46.22615253,39.67194669,79.93733855,55.09505183,30.18997929,0
25.53377558,14.33934151,70.44975728,9.042404644,18.96085682,46.14299636,40.39100216,80.43416463,54.58955516,29.957283,0
24.95689414,14.4772834,70.00204097,9.559645097,18.99742144,45.90200194,39.98917767,79.8090086,55.24524673,30.0462806,0
24.18864402,14.89980155,70.72868774,9.489336664,18.97400256,46.12429933,40.30392072,79.83553978,54.77532137,30.14141294,0
24.28979522,15.55813595,69.46729973,9.317702185,18.98458459,45.93836364,40.3431488,80.21131664,55.08007871,29.76318077,0
24.21825781,15.18465164,70.26582614,9.512701336,18.9558,46.38952556,40.21233319,80.36359007,54.85210159,30.08003622,0
25.87395001,14.57550009,70.70857295,9.557023596,18.95416115,45.61755859,39.87536933,80.37001531,54.68205548,29.86352676,0
25.0089332,15.09780477,70.8858447,9.349247814,18.98781571,45.9253255,40.24811991,79.6574302,54.50564451,29.94898694,0
25.18902388,15.63715475,69.13673315,10.76773274,18.95857806,46.2962712,40.0996235,79.57708042,55.47680136,29.9098152,0
25.79903319,15.74720521,70.72718825,9.651375035,19.04729264,45.51842969,40.20858623,80.12980822,54.69383445,30.04953407,0
25.10365525,14.75568088,70.61500666,10.82662263,19.02178342,45.639049,39.50088027,79.8789019,54.84818736,30.28146721,0
25.30249293,15.23679649,69.02846463,10.58940042,18.93863436,46.06234995,40.29121902,80.23007493,55.39094996,29.76928968,0
24.92323911,15.39196309,70.9281741,9.412289997,18.99608386,46.02284773,39.89342607,80.07283831,55.47412255,30.19027534,0
25.21006993,15.02994906,70.78312041,9.63067806,18.96945437,46.4014075,39.92316676,80.1591454,55.01701388,29.99949905,0
24.50507117,14.58767017,69.43889344,10.53451538,19.00069097,46.02132631,39.34153779,80.47286178,54.61576339,30.010658,0
25.36558427,14.36266744,70.77679687,9.554726084,18.91991989,45.99244503,39.51258153,80.64933331,55.19552889,30.3310845,0
25.76775214,13.94960183,70.44422065,11.18460225,18.95189517,46.77705605,39.81866366,80.4885289,55.29792645,30.39004274,0
25.76846132,14.46066303,69.28871843,10.67411653,18.99857085,46.4987388,39.46441474,80.54757557,55.48360986,30.26116918,0
26.0971074,14.75349186,70.43881954,11.11316531,18.90976349,46.23959456,39.69597406,80.17750968,54.87094755,30.28252746,0
25.59543672,14.33557416,69.41178842,10.81553701,18.92530706,46.84914743,38.32247307,81.47580525,55.00974573,30.47396151,1
24.17606554,14.47875161,70.43553517,9.96590871,19.02701795,46.10274807,40.08546602,80.160238,55.08849373,30.26797537,0
25.01126262,14.57455317,70.07295664,10.47562385,18.96084112,45.94582293,39.83440044,79.79946793,55.49061268,29.90799095,0
25.23719112,14.59391325,69.47346301,10.45759191,19.0351134,45.59732709,39.95258154,80.2354619,55.46469732,30.2303418,0
25.33758351,14.73643896,69.39266073,10.23629053,18.97133267,46.11064833,39.53249562,80.16173949,55.38811626,30.08477636,0
24.2669054,15.37513688,70.61025697,9.562498787,19.03076574,45.79195613,40.24953858,80.33596412,55.49747518,30.26006919,0
25.86924719,14.39548974,69.19188253,10.03501899,19.03083988,46.08612095,39.5854481,80.01552205,55.18815311,30.29568066,0
25.47937542,14.85080565,69.02282091,10.14903853,19.00093101,46.02295543,40.39032688,80.17153957,55.17746796,29.74804052,0
24.70669032,15.32012564,69.13233306,11.05909596,18.92057882,46.03905691,39.43696131,80.26166827,54.57844181,30.41494863,0
25.49660118,14.56481556,70.27829259,11.20873579,18.91213813,46.28374377,39.72493266,80.50610448,55.27471903,30.41638514,0
25.5472245,14.44245465,70.93126146,10.67005729,18.95462402,46.13249067,40.30935226,80.02470031,55.17222659,30.00486556,0
24.85843608,14.41955254,69.24357569,9.442658111,18.95975626,46.11844212,40.11809297,79.61926234,54.93111808,30.10776431,0
24.5065014,15.5417711,70.21630878,9.000355825,19.04315912,45.86847875,39.88237261,80.39393584,54.60251018,29.94076416,0
24.76931952,15.39573365,70.29268927,10.85556272,18.99112631,46.01335788,40.39659369,79.53971789,55.32102586,29.84270692,0
25.25873386,15.48675209,70.10072968,10.42112591,18.97119746,45.59240993,39.74746332,79.58693354,55.20732513,29.71227158,0
25.02778466,15.27074535,69.59519969,9.745052597,18.95877545,46.07788535,39.79481247,80.25741332,55.46131202,29.76723297,0
24.30072929,14.90459306,69.8543962,10.95642997,18.99082386,45.71127042,40.34882773,79.81021726,54.5769313,29.91682379,0
25.00050556,15.70580399,70.96708022,10.54177191,18.99006092,45.74432031,40.0238355,79.99468665,54.64587021,29.86908218,0
24.22043729,15.09101908,69.27067356,10.68873831,18.98897415,46.41168331,39.40800066,79.78292508,55.21568941,30.16270376,0
25.00060283,15.21814158,69.0726898,10.30300586,18.94426998,46.60092393,39.80780661,80.4161627,54.663747,30.32236266,0
25.99939382,15.01657449,70.01357626,9.956860443,18.99314593,46.32620741,40.17037505,79.92283364,55.41910277,30.23844232,0
25.42328435,14.77238985,69.72116266,9.875365366,18.9397256,46.26224312,39.96171785,80.04580498,55.37230518,30.40389632,0
24.89840777,15.23796061,70.99521301,10.72147575,18.93103222,46.3774674,39.71072242,80.69554276,55.38198201,30.38118875,0
25.72282273,15.21988709,70.7038365,10.93307281,18.96491728,46.31131352,39.68677159,80.61899058,55.14781166,29.97224772,0
24.83696099,14.0432363,70.26563659,10.66494237,18.9164653,46.87348914,39.52893202,80.22861704,54.63565335,30.30213651,0
25.67011677,14.02529521,70.02570513,10.92731116,18.90497262,46.72661679,39.26738701,80.8661501,55.33300413,29.98466412,0
24.91220348,14.00821976,70.81345569,11.07778732,18.91420074,46.26554828,39.25426608,80.85112346,55.32113174,29.96736921,0
26.21282882,13.70432217,69.92260127,11.29432133,18.88400248,46.89795724,38.57250488,81.17695974,54.77436305,30.86799184,1
24.20703051,15.30697893,69.31050168,10.51914661,18.98918267,46.31012634,39.65941411,80.2962755,55.33495132,29.92352259,0
24.05414477,14.58814043,70.6536385,10.08925651,19.021229,46.43259943,40.29134313,80.11958757,54.5217668,29.92461834,0
25.16207776,15.00073052,69.39658739,9.781774342,18.95424412,46.30706663,39.87020519,80.30535205,54.68327328,29.7959331,0
25.01310401,15.41535422,70.8483616,9.694267177,18.97827151,46.13167198,39.89301626,80.16315633,54.61991069,29.81695727,0
24.33973563,14.98363815,70.88666251,9.191667328,18.9741121,45.82204277,40.07692652,79.787428,54.57445799,29.75398511,0
24.72884986,14.42930892,69.46573386,10.75700196,18.97306096,46.4994713,39.52855764,80.05447416,55.26097178,30.17311488,0
24.96066134,14.45970126,69.57841059,9.489213431,18.96477426,45.73765571,39.79827541,79.74986317,55.40429686,30.2223985,0
24.66398596,15.55713587,69.67571179,9.961112198,19.03297532,46.45318902,39.6751332,80.10359885,54.78419954,30.08397211,0
24.60590155,14.88157302,70.33831199,9.647855958,19.04541158,46.2313468,39.86746761,80.46619594,55.43755435,30.14328635,0
25.07353292,15.31031096,69.42568983,10.06109024,18.99311711,46.14685683,40.06353451,79.63997717,54.8876008,29.85350213,0
24.29439616,14.41322911,69.54168103,10.96498227,18.97468724,46.39909036,40.10334857,79.97275772,55.3016305,29.90331903,0
25.05525566,15.03516193,70.68314281,10.18273039,19.01488451,46.08852573,40.24492514,80.40597512,55.02079714,29.85986139,0
25.81186456,14.54498359,70.60600056,9.982077529,18.96741128,46.38904764,39.70162226,80.04449293,54.57307799,29.7355123,0
25.79174938,14.33459547,70.62424048,10.49978227,18.97399386,45.8853214,40.38860728,79.58809886,54.75219476,29.82361426,0
25.91107457,15.20569548,70.48168607,10.18319051,18.98386883,46.09610652,39.69722221,80.37380383,54.53864596,30.25208842,0
24.80276016,15.04714174,69.00441485,9.573257358,19.00277763,45.88891148,39.57222026,79.92831328,54.76858349,29.87331518,0
25.26672739,15.45159299,69.18147598,9.583792367,18.95751462,46.31080926,40.06920149,79.61512701,54.72543637,29.7674469,0
24.58958076,15.5779197,69.44013522,9.915920641,19.01662917,45.9630004,40.03147034,79.66579711,55.47229318,29.91368671,0
25.5985745,15.73150804,70.3880759,10.19537337,19.00824925,45.89813244,40.47889598,79.53682132,55.07154184,29.9785281,0
24.64521732,14.62808308,70.6027139,10.07574463,19.00909532,46.49222375,39.68463896,80.1988833,54.75296617,30.16597094,0
24.38206743,14.77977247,69.74028086,10.22609377,18.99353841,45.55615776,40.01880973,80.30306925,54.99072732,29.91246607,0
25.45985666,15.36788745,70.76292272,10.17306968,19.01758256,46.04884532,39.72127053,79.50633496,54.56616698,30.25956958,0
25.5707078,15.54761404,70.05504936,9.360711055,18.9591808,46.00350156,39.5956379,80.02157372,55.43006587,30.009542,0
24.17142714,15.69646444,69.27204291,10.32894384,19.04458521,46.45862284,40.43026806,79.92781344,55.10110428,29.71492304,0
25.84720469,15.14296488,69.80212568,10.76625779,19.01226007,46.34113815,40.04519645,80.14672222,55.03372564,29.79894791,0
25.06101948,15.33607767,70.33122127,9.447418923,18.9894992,45.53621347,39.69243465,79.95574617,54.5113221,30.06499138,0
24.32679923,15.27850781,70.27225373,10.94868987,19.02992038,46.03068305,39.82367667,80.44360921,54.95705115,30.2913048,0
25.17790493,15.04697425,69.43089636,9.765887528,18.97734542,45.70563626,39.45924306,79.80324431,55.4878654,29.87693913,0
24.57187963,14.21612629,70.62705266,10.4620539,18.95013438,46.06619819,39.75698086,80.33232482,55.43848566,29.88063026,0
25.66063802,14.98692819,69.40135996,10.11726682,19.01146642,46.05446226,39.36012141,80.06381229,54.642786,30.01317843,0
25.03239795,14.14994089,70.64345274,9.552643533,19.02595863,45.98983183,39.96925702,80.31345611,54.53411046,30.22460687,0
24.44719159,15.45293036,69.58346239,10.47302092,18.96446597,46.17979658,39.12377629,80.13401835,54.74553387,30.39011928,0
25.49988949,15.25178738,70.70743896,10.53726408,19.011683,45.88053629,39.299904,80.21647284,54.73128259,30.23260132,0
25.78977659,14.94254027,69.16622543,10.67120349,18.96739771,46.11564891,39.5987919,79.97734876,55.24381071,30.10101169,0
25.53677107,14.90723554,69.65515177,10.53529797,18.96999462,46.33701035,39.35392686,80.47319964,54.72989677,30.48028006,0
25.63738008,14.77303937,69.36643675,11.09951231,18.91390727,46.9285134,39.00252733,80.02313638,55.20873375,30.4442232,0
25.94456209,14.93485127,70.73428648,11.86519504,18.83509211,47.54633569,38.44553236,81.20714665,54.58922311,30.81199197,1
25.97572476,14.9809903,69.48452157,9.101412678,19.03589983,45.83620364,39.99684855,79.55906619,54.8793946,29.78420547,0
25.14287925,15.18086818,70.59727178,10.46949455,18.97673593,46.04799671,40.24945359,80.26592777,54.63199347,29.91407341,0
25.1180303,15.53058484,69.23021658,10.19977198,18.98810515,46.20895755,40.20044881,79.68830537,54.9088575,30.2624763,0
24.48133665,14.9233835,69.72541112,9.49393842,18.97090294,45.76547408,39.87476482,79.80583661,55.33044627,29.77015259,0
24.57424325,15.30805885,70.94258766,10.27383026,18.95598845,45.96612192,40.33951393,80.22616973,54.93648197,29.99372379,0
24.20182092,15.226507,69.58118004,10.15396757,18.98473545,45.51558994,40.47747761,80.2914811,55.00618689,30.15229811,0
24.56889698,14.80444954,69.51943142,10.92261898,18.96487008,45.95908402,40.30887563,80.23721754,54.94742422,29.75982111,0
25.61763655,14.6094108,70.35943659,10.71174734,19.02358189,46.20762821,39.86197427,80.55811781,55.34745166,29.82468161,0
25.90118815,14.34973036,69.36148123,9.714425685,19.00977999,46.53806619,39.69555807,80.14341246,54.54464181,30.01787376,0
25.24481667,14.52999106,70.18433294,9.719606886,18.93487385,46.15922599,39.43981026,80.43212419,54.74233022,30.4183776,0
25.92073859,15.50686273,69.6181881,10.57143976,19.00985637,46.25729057,39.34035887,80.13785622,55.26613002,30.17916346,0
25.9872591,14.9100965,69.65987373,10.55455643,19.00115895,46.31749982,40.45868413,80.07587819,55.06203211,29.83210838,0
25.17721556,14.79760765,69.53209784,9.192613006,19.00609004,45.57677605,39.99174514,79.67688041,55.33944781,29.70341189,0
25.80835299,14.85512336,69.56126664,10.06937554,19.03499215,45.97367638,40.32272962,80.01650436,54.76415318,29.7352894,0
24.41558293,15.72099847,69.6816802,9.942645719,19.00401384,45.52125083,39.68945324,79.58081435,54.86862265,30.17016054,0
25.75145451,14.62562368,70.26237069,9.350218661,19.02929914,45.78848042,39.53090479,80.21677361,54.54574304,29.89600369,0
24.81296423,14.68470238,69.1606462,10.46310963,18.97957114,46.18896302,40.21605834,80.16560065,55.24198788,30.25616675,0
25.14457329,15.03913837,70.80868248,10.75684045,18.99939865,46.18139162,39.61356846,79.54837605,54.58795808,30.1032363,0
25.25561545,15.28453697,69.09805429,10.2842895,19.03185416,45.83339015,40.20394707,79.74520356,54.52427571,30.20649638,0
25.17367672,14.86824689,70.75762825,9.397992006,19.02219384,46.37728153,39.61970896,80.47767803,55.08096711,29.86943069,0
25.77083807,14.75656657,70.24043254,10.56195081,18.99263252,45.89305801,40.12679729,80.14195714,55.27759481,30.24050608,0
24.97180581,14.97508778,69.70872113,9.441671243,19.02440274,45.88064442,39.3536865,80.70708116,55.06918843,30.25950251,0
25.43992424,14.41090291,69.46936001,10.09622394,19.02424948,46.38565989,39.94406199,79.92758903,55.07652308,30.26351948,0
25.94498958,14.78942198,70.83519369,10.08806768,18.92174695,46.02534774,39.3339924,80.29905872,54.58423294,30.09380096,0
26.1624553,14.43799039,69.34436667,11.06221259,18.94896039,46.65529055,39.63915866,80.12948834,54.69596238,30.2124648,0
26.15997552,15.03221393,70.03978974,9.524557201,18.98588441,46.94413796,39.88705163,80.28991884,55.04628893,30.00777369,0
25.57214404,14.98492437,69.2080221,11.38174632,18.9065699,46.03678827,39.88325148,80.68961222,54.93351932,30.36226548,0
25.82834622,14.27171005,70.54744994,10.1619117,18.99477658,46.88179693,39.4142841,79.95941745,54.79352064,30.39711042,0
25.87528468,13.89221853,70.88841942,11.43427179,18.85772149,47.18433125,38.67466545,81.58111415,54.75433516,30.75635742,1
